epoch,train_loss,train_acc,val_loss,val_acc,dist_genuine,dist_forged,lr,seconds
1,0.98191,0.5775,0.90286,0.68839,0.41688,0.60613,0.0004,359.0
2,0.85449,0.70925,0.78439,0.76451,0.38825,0.63082,0.000397586914756647,322.0
3,0.75791,0.76794,0.73737,0.78284,0.377,0.64942,0.0003904070771938501,327.7
4,0.68218,0.80537,0.73386,0.79627,0.37287,0.63352,0.0003786372787409201,488.9
5,0.62787,0.8314,0.72489,0.79842,0.37248,0.65258,0.0003625673308974897,307.6
6,0.58795,0.84935,0.74041,0.79303,0.3947,0.68676,0.00034259292911256327,330.7
7,0.55243,0.86327,0.71979,0.79851,0.37069,0.65681,0.0003192059094493247,316.2
8,0.52338,0.874,0.74079,0.79892,0.37484,0.64418,0.0002929821379489511,2123.3
9,0.48077,0.89023,0.71671,0.80962,0.34815,0.61636,0.00026456733089748964,570.9
10,0.45104,0.90242,0.74437,0.80174,0.35037,0.61784,0.00023466115514788523,347.4
11,0.42624,0.9126,0.73742,0.8097,0.37104,0.65588,0.00020399999999999997,356.5
12,0.39361,0.92469,0.74933,0.80837,0.37834,0.67019,0.00017333884485211477,394.4
13,0.37471,0.93035,0.76906,0.79867,0.34916,0.61993,0.0001434326691025103,369.8
14,0.34737,0.94094,0.74422,0.81418,0.35274,0.63099,0.00011501786205104882,374.4
15,0.33351,0.94417,0.74045,0.81177,0.35141,0.62785,8.879409055067528e-05,473.2
16,0.31702,0.94919,0.74093,0.81501,0.35774,0.64179,6.540707088743669e-05,461.4
17,0.30438,0.9539,0.75789,0.81219,0.3521,0.63316,4.543266910251032e-05,319.4
18,0.29436,0.95629,0.76051,0.81269,0.35394,0.63499,2.936272125907991e-05,320.9
19,0.29282,0.95825,0.7543,0.81841,0.35142,0.63061,1.759292280614991e-05,363.4
20,0.28546,0.95942,0.75546,0.81667,0.35157,0.63155,1.041308524335302e-05,319.7
